<keymap version="1" name="Eclipse copy" parent="Eclipse">
  <action id="$ShowInstantTranslationDialogAction">
    <keyboard-shortcut first-keystroke="ctrl alt slash" />
  </action>
  <action id="CloseActiveTab">
    <keyboard-shortcut first-keystroke="ctrl f4" />
  </action>
  <action id="CloseContent">
    <keyboard-shortcut first-keystroke="ctrl w" />
  </action>
  <action id="Editor ShowInstantTranslationDialogAction">
    <keyboard-shortcut first-keystroke="ctrl alt slash" />
  </action>
</keymap>